zone;centerX;centerY;nRequests;sumWaitTime;meanWaitTime;min;max;p95;p90;p80;p75;p50
100;445000.0;5735000.0;1;573;573.0;573.0;573.0;573.0;573.0;573.0;573.0;573.0
101;445000.0;5737000.0;0;0;NaN;NaN;NaN;NaN;NaN;NaN;NaN;NaN
103;445000.0;5741000.0;0;0;NaN;NaN;NaN;NaN;NaN;NaN;NaN;NaN
105;445000.0;5745000.0;0;0;NaN;NaN;NaN;NaN;NaN;NaN;NaN;NaN
106;445000.0;5747000.0;0;0;NaN;NaN;NaN;NaN;NaN;NaN;NaN;NaN
112;445000.0;5759000.0;0;0;NaN;NaN;NaN;NaN;NaN;NaN;NaN;NaN
114;445000.0;5763000.0;0;0;NaN;NaN;NaN;NaN;NaN;NaN;NaN;NaN
117;447000.0;5711000.0;0;0;NaN;NaN;NaN;NaN;NaN;NaN;NaN;NaN
122;447000.0;5721000.0;0;0;NaN;NaN;NaN;NaN;NaN;NaN;NaN;NaN
123;447000.0;5723000.0;0;0;NaN;NaN;NaN;NaN;NaN;NaN;NaN;NaN
124;447000.0;5725000.0;0;0;NaN;NaN;NaN;NaN;NaN;NaN;NaN;NaN
125;447000.0;5727000.0;0;0;NaN;NaN;NaN;NaN;NaN;NaN;NaN;NaN
127;447000.0;5731000.0;1;787;787.0;787.0;787.0;787.0;787.0;787.0;787.0;787.0
128;447000.0;5733000.0;2;1108;554.0;61.0;1047.0;1047.0;1047.0;1047.0;1047.0;554.0
130;447000.0;5737000.0;0;0;NaN;NaN;NaN;NaN;NaN;NaN;NaN;NaN
131;447000.0;5739000.0;0;0;NaN;NaN;NaN;NaN;NaN;NaN;NaN;NaN
132;447000.0;5741000.0;0;0;NaN;NaN;NaN;NaN;NaN;NaN;NaN;NaN
134;447000.0;5745000.0;0;0;NaN;NaN;NaN;NaN;NaN;NaN;NaN;NaN
141;447000.0;5759000.0;0;0;NaN;NaN;NaN;NaN;NaN;NaN;NaN;NaN
142;447000.0;5761000.0;0;0;NaN;NaN;NaN;NaN;NaN;NaN;NaN;NaN
143;447000.0;5763000.0;0;0;NaN;NaN;NaN;NaN;NaN;NaN;NaN;NaN
144;447000.0;5765000.0;0;0;NaN;NaN;NaN;NaN;NaN;NaN;NaN;NaN
147;449000.0;5713000.0;0;0;NaN;NaN;NaN;NaN;NaN;NaN;NaN;NaN
149;449000.0;5717000.0;0;0;NaN;NaN;NaN;NaN;NaN;NaN;NaN;NaN
150;449000.0;5719000.0;0;0;NaN;NaN;NaN;NaN;NaN;NaN;NaN;NaN
151;449000.0;5721000.0;0;0;NaN;NaN;NaN;NaN;NaN;NaN;NaN;NaN
152;449000.0;5723000.0;0;0;NaN;NaN;NaN;NaN;NaN;NaN;NaN;NaN
154;449000.0;5727000.0;0;0;NaN;NaN;NaN;NaN;NaN;NaN;NaN;NaN
155;449000.0;5729000.0;0;0;NaN;NaN;NaN;NaN;NaN;NaN;NaN;NaN
156;449000.0;5731000.0;2;1693;846.5;545.0;1148.0;1148.0;1148.0;1148.0;1148.0;846.5
157;449000.0;5733000.0;51;27321;535.7058823529412;61.0;1150.0;1054.9999999999998;960.4000000000002;801.4;768.0;489.0
158;449000.0;5735000.0;2;841;420.5;395.0;446.0;446.0;446.0;446.0;446.0;420.5
159;449000.0;5737000.0;0;0;NaN;NaN;NaN;NaN;NaN;NaN;NaN;NaN
16;439000.0;5741000.0;0;0;NaN;NaN;NaN;NaN;NaN;NaN;NaN;NaN
160;449000.0;5739000.0;1;474;474.0;474.0;474.0;474.0;474.0;474.0;474.0;474.0
161;449000.0;5741000.0;0;0;NaN;NaN;NaN;NaN;NaN;NaN;NaN;NaN
162;449000.0;5743000.0;0;0;NaN;NaN;NaN;NaN;NaN;NaN;NaN;NaN
163;449000.0;5745000.0;0;0;NaN;NaN;NaN;NaN;NaN;NaN;NaN;NaN
169;449000.0;5757000.0;0;0;NaN;NaN;NaN;NaN;NaN;NaN;NaN;NaN
17;439000.0;5743000.0;0;0;NaN;NaN;NaN;NaN;NaN;NaN;NaN;NaN
171;449000.0;5761000.0;0;0;NaN;NaN;NaN;NaN;NaN;NaN;NaN;NaN
178;451000.0;5717000.0;0;0;NaN;NaN;NaN;NaN;NaN;NaN;NaN;NaN
179;451000.0;5719000.0;0;0;NaN;NaN;NaN;NaN;NaN;NaN;NaN;NaN
18;439000.0;5745000.0;0;0;NaN;NaN;NaN;NaN;NaN;NaN;NaN;NaN
180;451000.0;5721000.0;0;0;NaN;NaN;NaN;NaN;NaN;NaN;NaN;NaN
181;451000.0;5723000.0;0;0;NaN;NaN;NaN;NaN;NaN;NaN;NaN;NaN
182;451000.0;5725000.0;0;0;NaN;NaN;NaN;NaN;NaN;NaN;NaN;NaN
183;451000.0;5727000.0;0;0;NaN;NaN;NaN;NaN;NaN;NaN;NaN;NaN
184;451000.0;5729000.0;1;964;964.0;964.0;964.0;964.0;964.0;964.0;964.0;964.0
185;451000.0;5731000.0;17;11488;675.7647058823529;280.0;1173.0;1173.0;1145.8;1060.2;1012.0;660.0
186;451000.0;5733000.0;104;55837;536.8942307692308;58.0;1204.0;1095.75;1051.5;867.0;771.75;494.0
187;451000.0;5735000.0;220;111711;507.7772727272727;34.0;1200.0;1086.85;1037.1000000000001;837.4000000000001;772.0;460.5
188;451000.0;5737000.0;19;9190;483.6842105263158;69.0;1202.0;1202.0;1074.0;965.0;785.0;356.0
189;451000.0;5739000.0;1;544;544.0;544.0;544.0;544.0;544.0;544.0;544.0;544.0
19;439000.0;5747000.0;0;0;NaN;NaN;NaN;NaN;NaN;NaN;NaN;NaN
190;451000.0;5741000.0;0;0;NaN;NaN;NaN;NaN;NaN;NaN;NaN;NaN
191;451000.0;5743000.0;0;0;NaN;NaN;NaN;NaN;NaN;NaN;NaN;NaN
192;451000.0;5745000.0;0;0;NaN;NaN;NaN;NaN;NaN;NaN;NaN;NaN
199;451000.0;5759000.0;0;0;NaN;NaN;NaN;NaN;NaN;NaN;NaN;NaN
200;451000.0;5761000.0;0;0;NaN;NaN;NaN;NaN;NaN;NaN;NaN;NaN
201;451000.0;5763000.0;0;0;NaN;NaN;NaN;NaN;NaN;NaN;NaN;NaN
202;451000.0;5765000.0;0;0;NaN;NaN;NaN;NaN;NaN;NaN;NaN;NaN
204;453000.0;5711000.0;0;0;NaN;NaN;NaN;NaN;NaN;NaN;NaN;NaN
205;453000.0;5713000.0;0;0;NaN;NaN;NaN;NaN;NaN;NaN;NaN;NaN
209;453000.0;5721000.0;0;0;NaN;NaN;NaN;NaN;NaN;NaN;NaN;NaN
21;439000.0;5751000.0;0;0;NaN;NaN;NaN;NaN;NaN;NaN;NaN;NaN
210;453000.0;5723000.0;0;0;NaN;NaN;NaN;NaN;NaN;NaN;NaN;NaN
212;453000.0;5727000.0;0;0;NaN;NaN;NaN;NaN;NaN;NaN;NaN;NaN
213;453000.0;5729000.0;86;30663;356.54651162790697;13.0;1166.0;1074.3999999999996;1022.5;775.6000000000001;576.25;183.0
214;453000.0;5731000.0;653;373092;571.3506891271054;2.0;1222.0;1133.8999999999999;1046.8000000000002;912.6000000000001;837.0;578.0
215;453000.0;5733000.0;873;506198;579.8373424971365;1.0;1206.0;1141.6;1085.0;944.2000000000003;872.0;556.0
216;453000.0;5735000.0;1474;809139;548.9409769335141;6.0;1229.0;1114.25;1037.0;881.0;818.0;515.0
217;453000.0;5737000.0;381;200007;524.9527559055118;41.0;1179.0;1086.5;1006.8;868.4000000000001;791.5;477.0
218;453000.0;5739000.0;65;27833;428.2;46.0;1186.0;1144.1999999999998;979.4;771.0000000000001;716.5;359.0
219;453000.0;5741000.0;39;13509;346.3846153846154;17.0;1074.0;1033.0;825.0;641.0;559.0;233.0
221;453000.0;5745000.0;14;1750;125.0;61.0;340.0;340.0;267.5;146.0;146.0;102.0
222;453000.0;5747000.0;0;0;NaN;NaN;NaN;NaN;NaN;NaN;NaN;NaN
223;453000.0;5749000.0;0;0;NaN;NaN;NaN;NaN;NaN;NaN;NaN;NaN
224;453000.0;5751000.0;0;0;NaN;NaN;NaN;NaN;NaN;NaN;NaN;NaN
228;453000.0;5759000.0;0;0;NaN;NaN;NaN;NaN;NaN;NaN;NaN;NaN
229;453000.0;5761000.0;0;0;NaN;NaN;NaN;NaN;NaN;NaN;NaN;NaN
231;453000.0;5765000.0;0;0;NaN;NaN;NaN;NaN;NaN;NaN;NaN;NaN
234;455000.0;5713000.0;0;0;NaN;NaN;NaN;NaN;NaN;NaN;NaN;NaN
235;455000.0;5715000.0;0;0;NaN;NaN;NaN;NaN;NaN;NaN;NaN;NaN
236;455000.0;5717000.0;0;0;NaN;NaN;NaN;NaN;NaN;NaN;NaN;NaN
237;455000.0;5719000.0;0;0;NaN;NaN;NaN;NaN;NaN;NaN;NaN;NaN
239;455000.0;5723000.0;0;0;NaN;NaN;NaN;NaN;NaN;NaN;NaN;NaN
240;455000.0;5725000.0;0;0;NaN;NaN;NaN;NaN;NaN;NaN;NaN;NaN
241;455000.0;5727000.0;58;15791;272.2586206896552;22.0;916.0;887.5;714.0;459.2000000000003;371.0;195.5
242;455000.0;5729000.0;103;53778;522.1165048543689;25.0;1199.0;1156.6;1078.0;823.0000000000001;764.0;444.0
243;455000.0;5731000.0;617;371105;601.4667747163696;4.0;1200.0;1139.2;1069.4;927.0;877.5;571.0
244;455000.0;5733000.0;568;339547;597.794014084507;21.0;1200.0;1144.1;1090.1;969.2;905.75;575.5
245;455000.0;5735000.0;1726;976715;565.8835457705685;2.0;1264.0;1127.0;1053.3;889.0;820.25;540.0
246;455000.0;5737000.0;745;418275;561.4429530201343;9.0;1262.0;1129.0;1060.0;915.4000000000002;836.0;549.0
247;455000.0;5739000.0;133;70486;529.9699248120301;21.0;1185.0;1132.5;1044.2;858.6;823.0;497.0
248;455000.0;5741000.0;105;56428;537.4095238095238;23.0;1174.0;1109.8999999999996;1036.8000000000002;871.6000000000001;817.0;516.0
249;455000.0;5743000.0;10;3729;372.90000000000003;61.0;1024.0;1024.0;1017.3000000000001;862.8000000000004;603.75;258.0
250;455000.0;5745000.0;3;1534;511.33333333333337;61.0;1060.0;1060.0;1060.0;1060.0;1060.0;413.0
251;455000.0;5747000.0;0;0;NaN;NaN;NaN;NaN;NaN;NaN;NaN;NaN
252;455000.0;5749000.0;0;0;NaN;NaN;NaN;NaN;NaN;NaN;NaN;NaN
253;455000.0;5751000.0;0;0;NaN;NaN;NaN;NaN;NaN;NaN;NaN;NaN
257;455000.0;5759000.0;0;0;NaN;NaN;NaN;NaN;NaN;NaN;NaN;NaN
258;455000.0;5761000.0;0;0;NaN;NaN;NaN;NaN;NaN;NaN;NaN;NaN
263;457000.0;5713000.0;0;0;NaN;NaN;NaN;NaN;NaN;NaN;NaN;NaN
264;457000.0;5715000.0;0;0;NaN;NaN;NaN;NaN;NaN;NaN;NaN;NaN
265;457000.0;5717000.0;0;0;NaN;NaN;NaN;NaN;NaN;NaN;NaN;NaN
266;457000.0;5719000.0;0;0;NaN;NaN;NaN;NaN;NaN;NaN;NaN;NaN
267;457000.0;5721000.0;0;0;NaN;NaN;NaN;NaN;NaN;NaN;NaN;NaN
268;457000.0;5723000.0;0;0;NaN;NaN;NaN;NaN;NaN;NaN;NaN;NaN
269;457000.0;5725000.0;0;0;NaN;NaN;NaN;NaN;NaN;NaN;NaN;NaN
270;457000.0;5727000.0;0;0;NaN;NaN;NaN;NaN;NaN;NaN;NaN;NaN
271;457000.0;5729000.0;107;50541;472.3457943925234;12.0;1178.0;1131.8;993.4;826.0000000000002;762.0;402.0
272;457000.0;5731000.0;426;229183;537.9882629107982;3.0;1260.0;1117.6;1039.3;877.0;795.5;481.5
273;457000.0;5733000.0;233;119987;514.9656652360516;61.0;1196.0;1096.3999999999996;1044.6;875.6;795.5;443.0
274;457000.0;5735000.0;331;184479;557.3383685800604;26.0;1203.0;1118.8;1039.6;912.8000000000001;872.0;499.0
275;457000.0;5737000.0;309;172399;557.9255663430421;6.0;1201.0;1144.5;1069.0;921.0;838.0;520.0
276;457000.0;5739000.0;194;109417;564.0051546391753;7.0;1192.0;1148.5;1111.5;926.0;832.75;543.0
277;457000.0;5741000.0;95;56327;592.9157894736842;61.0;1185.0;1149.2;1078.8000000000002;932.2000000000002;863.0;602.0
279;457000.0;5745000.0;0;0;NaN;NaN;NaN;NaN;NaN;NaN;NaN;NaN
280;457000.0;5747000.0;0;0;NaN;NaN;NaN;NaN;NaN;NaN;NaN;NaN
281;457000.0;5749000.0;0;0;NaN;NaN;NaN;NaN;NaN;NaN;NaN;NaN
287;457000.0;5761000.0;0;0;NaN;NaN;NaN;NaN;NaN;NaN;NaN;NaN
289;457000.0;5765000.0;0;0;NaN;NaN;NaN;NaN;NaN;NaN;NaN;NaN
292;459000.0;5713000.0;0;0;NaN;NaN;NaN;NaN;NaN;NaN;NaN;NaN
294;459000.0;5717000.0;0;0;NaN;NaN;NaN;NaN;NaN;NaN;NaN;NaN
295;459000.0;5719000.0;0;0;NaN;NaN;NaN;NaN;NaN;NaN;NaN;NaN
296;459000.0;5721000.0;0;0;NaN;NaN;NaN;NaN;NaN;NaN;NaN;NaN
297;459000.0;5723000.0;0;0;NaN;NaN;NaN;NaN;NaN;NaN;NaN;NaN
298;459000.0;5725000.0;0;0;NaN;NaN;NaN;NaN;NaN;NaN;NaN;NaN
299;459000.0;5727000.0;0;0;NaN;NaN;NaN;NaN;NaN;NaN;NaN;NaN
30;441000.0;5711000.0;0;0;NaN;NaN;NaN;NaN;NaN;NaN;NaN;NaN
300;459000.0;5729000.0;0;0;NaN;NaN;NaN;NaN;NaN;NaN;NaN;NaN
301;459000.0;5731000.0;20;11541;577.05;139.0;1163.0;1151.9499999999998;940.4000000000001;877.4;842.0;553.0
302;459000.0;5733000.0;12;5967;497.25;138.0;1065.0;1065.0;991.5000000000002;744.4000000000001;683.0;493.0
303;459000.0;5735000.0;186;98305;528.5215053763441;1.0;1192.0;1133.65;1074.0;992.5999999999999;869.75;417.5
305;459000.0;5739000.0;0;0;NaN;NaN;NaN;NaN;NaN;NaN;NaN;NaN
306;459000.0;5741000.0;0;0;NaN;NaN;NaN;NaN;NaN;NaN;NaN;NaN
308;459000.0;5745000.0;0;0;NaN;NaN;NaN;NaN;NaN;NaN;NaN;NaN
309;459000.0;5747000.0;0;0;NaN;NaN;NaN;NaN;NaN;NaN;NaN;NaN
31;441000.0;5713000.0;0;0;NaN;NaN;NaN;NaN;NaN;NaN;NaN;NaN
310;459000.0;5749000.0;0;0;NaN;NaN;NaN;NaN;NaN;NaN;NaN;NaN
315;459000.0;5759000.0;0;0;NaN;NaN;NaN;NaN;NaN;NaN;NaN;NaN
317;459000.0;5763000.0;0;0;NaN;NaN;NaN;NaN;NaN;NaN;NaN;NaN
318;459000.0;5765000.0;0;0;NaN;NaN;NaN;NaN;NaN;NaN;NaN;NaN
323;461000.0;5717000.0;0;0;NaN;NaN;NaN;NaN;NaN;NaN;NaN;NaN
325;461000.0;5721000.0;0;0;NaN;NaN;NaN;NaN;NaN;NaN;NaN;NaN
326;461000.0;5723000.0;0;0;NaN;NaN;NaN;NaN;NaN;NaN;NaN;NaN
327;461000.0;5725000.0;0;0;NaN;NaN;NaN;NaN;NaN;NaN;NaN;NaN
328;461000.0;5727000.0;0;0;NaN;NaN;NaN;NaN;NaN;NaN;NaN;NaN
329;461000.0;5729000.0;0;0;NaN;NaN;NaN;NaN;NaN;NaN;NaN;NaN
33;441000.0;5717000.0;0;0;NaN;NaN;NaN;NaN;NaN;NaN;NaN;NaN
330;461000.0;5731000.0;0;0;NaN;NaN;NaN;NaN;NaN;NaN;NaN;NaN
331;461000.0;5733000.0;0;0;NaN;NaN;NaN;NaN;NaN;NaN;NaN;NaN
334;461000.0;5739000.0;0;0;NaN;NaN;NaN;NaN;NaN;NaN;NaN;NaN
335;461000.0;5741000.0;0;0;NaN;NaN;NaN;NaN;NaN;NaN;NaN;NaN
336;461000.0;5743000.0;0;0;NaN;NaN;NaN;NaN;NaN;NaN;NaN;NaN
337;461000.0;5745000.0;0;0;NaN;NaN;NaN;NaN;NaN;NaN;NaN;NaN
338;461000.0;5747000.0;0;0;NaN;NaN;NaN;NaN;NaN;NaN;NaN;NaN
339;461000.0;5749000.0;0;0;NaN;NaN;NaN;NaN;NaN;NaN;NaN;NaN
34;441000.0;5719000.0;0;0;NaN;NaN;NaN;NaN;NaN;NaN;NaN;NaN
346;461000.0;5763000.0;0;0;NaN;NaN;NaN;NaN;NaN;NaN;NaN;NaN
348;461000.0;5767000.0;0;0;NaN;NaN;NaN;NaN;NaN;NaN;NaN;NaN
349;463000.0;5711000.0;0;0;NaN;NaN;NaN;NaN;NaN;NaN;NaN;NaN
35;441000.0;5721000.0;0;0;NaN;NaN;NaN;NaN;NaN;NaN;NaN;NaN
350;463000.0;5713000.0;0;0;NaN;NaN;NaN;NaN;NaN;NaN;NaN;NaN
351;463000.0;5715000.0;0;0;NaN;NaN;NaN;NaN;NaN;NaN;NaN;NaN
352;463000.0;5717000.0;0;0;NaN;NaN;NaN;NaN;NaN;NaN;NaN;NaN
355;463000.0;5723000.0;0;0;NaN;NaN;NaN;NaN;NaN;NaN;NaN;NaN
356;463000.0;5725000.0;0;0;NaN;NaN;NaN;NaN;NaN;NaN;NaN;NaN
357;463000.0;5727000.0;0;0;NaN;NaN;NaN;NaN;NaN;NaN;NaN;NaN
358;463000.0;5729000.0;0;0;NaN;NaN;NaN;NaN;NaN;NaN;NaN;NaN
359;463000.0;5731000.0;0;0;NaN;NaN;NaN;NaN;NaN;NaN;NaN;NaN
36;441000.0;5723000.0;0;0;NaN;NaN;NaN;NaN;NaN;NaN;NaN;NaN
360;463000.0;5733000.0;0;0;NaN;NaN;NaN;NaN;NaN;NaN;NaN;NaN
362;463000.0;5737000.0;10;2676;267.6;61.0;890.0;890.0;871.7;641.4000000000002;461.0;61.0
363;463000.0;5739000.0;0;0;NaN;NaN;NaN;NaN;NaN;NaN;NaN;NaN
364;463000.0;5741000.0;0;0;NaN;NaN;NaN;NaN;NaN;NaN;NaN;NaN
365;463000.0;5743000.0;0;0;NaN;NaN;NaN;NaN;NaN;NaN;NaN;NaN
366;463000.0;5745000.0;0;0;NaN;NaN;NaN;NaN;NaN;NaN;NaN;NaN
367;463000.0;5747000.0;0;0;NaN;NaN;NaN;NaN;NaN;NaN;NaN;NaN
368;463000.0;5749000.0;0;0;NaN;NaN;NaN;NaN;NaN;NaN;NaN;NaN
369;463000.0;5751000.0;0;0;NaN;NaN;NaN;NaN;NaN;NaN;NaN;NaN
370;463000.0;5753000.0;0;0;NaN;NaN;NaN;NaN;NaN;NaN;NaN;NaN
371;463000.0;5755000.0;0;0;NaN;NaN;NaN;NaN;NaN;NaN;NaN;NaN
376;463000.0;5765000.0;0;0;NaN;NaN;NaN;NaN;NaN;NaN;NaN;NaN
379;465000.0;5713000.0;0;0;NaN;NaN;NaN;NaN;NaN;NaN;NaN;NaN
38;441000.0;5727000.0;0;0;NaN;NaN;NaN;NaN;NaN;NaN;NaN;NaN
380;465000.0;5715000.0;0;0;NaN;NaN;NaN;NaN;NaN;NaN;NaN;NaN
381;465000.0;5717000.0;0;0;NaN;NaN;NaN;NaN;NaN;NaN;NaN;NaN
382;465000.0;5719000.0;0;0;NaN;NaN;NaN;NaN;NaN;NaN;NaN;NaN
383;465000.0;5721000.0;0;0;NaN;NaN;NaN;NaN;NaN;NaN;NaN;NaN
384;465000.0;5723000.0;0;0;NaN;NaN;NaN;NaN;NaN;NaN;NaN;NaN
385;465000.0;5725000.0;0;0;NaN;NaN;NaN;NaN;NaN;NaN;NaN;NaN
386;465000.0;5727000.0;0;0;NaN;NaN;NaN;NaN;NaN;NaN;NaN;NaN
387;465000.0;5729000.0;0;0;NaN;NaN;NaN;NaN;NaN;NaN;NaN;NaN
388;465000.0;5731000.0;0;0;NaN;NaN;NaN;NaN;NaN;NaN;NaN;NaN
391;465000.0;5737000.0;1;61;61.0;61.0;61.0;61.0;61.0;61.0;61.0;61.0
392;465000.0;5739000.0;0;0;NaN;NaN;NaN;NaN;NaN;NaN;NaN;NaN
393;465000.0;5741000.0;0;0;NaN;NaN;NaN;NaN;NaN;NaN;NaN;NaN
394;465000.0;5743000.0;0;0;NaN;NaN;NaN;NaN;NaN;NaN;NaN;NaN
395;465000.0;5745000.0;0;0;NaN;NaN;NaN;NaN;NaN;NaN;NaN;NaN
396;465000.0;5747000.0;0;0;NaN;NaN;NaN;NaN;NaN;NaN;NaN;NaN
397;465000.0;5749000.0;0;0;NaN;NaN;NaN;NaN;NaN;NaN;NaN;NaN
398;465000.0;5751000.0;0;0;NaN;NaN;NaN;NaN;NaN;NaN;NaN;NaN
399;465000.0;5753000.0;0;0;NaN;NaN;NaN;NaN;NaN;NaN;NaN;NaN
4;439000.0;5717000.0;0;0;NaN;NaN;NaN;NaN;NaN;NaN;NaN;NaN
40;441000.0;5731000.0;0;0;NaN;NaN;NaN;NaN;NaN;NaN;NaN;NaN
405;465000.0;5765000.0;0;0;NaN;NaN;NaN;NaN;NaN;NaN;NaN;NaN
408;467000.0;5713000.0;0;0;NaN;NaN;NaN;NaN;NaN;NaN;NaN;NaN
409;467000.0;5715000.0;0;0;NaN;NaN;NaN;NaN;NaN;NaN;NaN;NaN
41;441000.0;5733000.0;0;0;NaN;NaN;NaN;NaN;NaN;NaN;NaN;NaN
410;467000.0;5717000.0;0;0;NaN;NaN;NaN;NaN;NaN;NaN;NaN;NaN
411;467000.0;5719000.0;0;0;NaN;NaN;NaN;NaN;NaN;NaN;NaN;NaN
412;467000.0;5721000.0;0;0;NaN;NaN;NaN;NaN;NaN;NaN;NaN;NaN
414;467000.0;5725000.0;0;0;NaN;NaN;NaN;NaN;NaN;NaN;NaN;NaN
417;467000.0;5731000.0;0;0;NaN;NaN;NaN;NaN;NaN;NaN;NaN;NaN
418;467000.0;5733000.0;0;0;NaN;NaN;NaN;NaN;NaN;NaN;NaN;NaN
42;441000.0;5735000.0;0;0;NaN;NaN;NaN;NaN;NaN;NaN;NaN;NaN
422;467000.0;5741000.0;0;0;NaN;NaN;NaN;NaN;NaN;NaN;NaN;NaN
423;467000.0;5743000.0;0;0;NaN;NaN;NaN;NaN;NaN;NaN;NaN;NaN
424;467000.0;5745000.0;0;0;NaN;NaN;NaN;NaN;NaN;NaN;NaN;NaN
425;467000.0;5747000.0;0;0;NaN;NaN;NaN;NaN;NaN;NaN;NaN;NaN
426;467000.0;5749000.0;0;0;NaN;NaN;NaN;NaN;NaN;NaN;NaN;NaN
427;467000.0;5751000.0;0;0;NaN;NaN;NaN;NaN;NaN;NaN;NaN;NaN
429;467000.0;5755000.0;0;0;NaN;NaN;NaN;NaN;NaN;NaN;NaN;NaN
43;441000.0;5737000.0;0;0;NaN;NaN;NaN;NaN;NaN;NaN;NaN;NaN
430;467000.0;5757000.0;0;0;NaN;NaN;NaN;NaN;NaN;NaN;NaN;NaN
431;467000.0;5759000.0;0;0;NaN;NaN;NaN;NaN;NaN;NaN;NaN;NaN
437;469000.0;5713000.0;0;0;NaN;NaN;NaN;NaN;NaN;NaN;NaN;NaN
438;469000.0;5715000.0;0;0;NaN;NaN;NaN;NaN;NaN;NaN;NaN;NaN
44;441000.0;5739000.0;0;0;NaN;NaN;NaN;NaN;NaN;NaN;NaN;NaN
440;469000.0;5719000.0;0;0;NaN;NaN;NaN;NaN;NaN;NaN;NaN;NaN
441;469000.0;5721000.0;0;0;NaN;NaN;NaN;NaN;NaN;NaN;NaN;NaN
442;469000.0;5723000.0;0;0;NaN;NaN;NaN;NaN;NaN;NaN;NaN;NaN
443;469000.0;5725000.0;0;0;NaN;NaN;NaN;NaN;NaN;NaN;NaN;NaN
444;469000.0;5727000.0;0;0;NaN;NaN;NaN;NaN;NaN;NaN;NaN;NaN
445;469000.0;5729000.0;0;0;NaN;NaN;NaN;NaN;NaN;NaN;NaN;NaN
446;469000.0;5731000.0;0;0;NaN;NaN;NaN;NaN;NaN;NaN;NaN;NaN
447;469000.0;5733000.0;0;0;NaN;NaN;NaN;NaN;NaN;NaN;NaN;NaN
45;441000.0;5741000.0;0;0;NaN;NaN;NaN;NaN;NaN;NaN;NaN;NaN
454;469000.0;5747000.0;0;0;NaN;NaN;NaN;NaN;NaN;NaN;NaN;NaN
455;469000.0;5749000.0;0;0;NaN;NaN;NaN;NaN;NaN;NaN;NaN;NaN
456;469000.0;5751000.0;0;0;NaN;NaN;NaN;NaN;NaN;NaN;NaN;NaN
458;469000.0;5755000.0;0;0;NaN;NaN;NaN;NaN;NaN;NaN;NaN;NaN
46;441000.0;5743000.0;0;0;NaN;NaN;NaN;NaN;NaN;NaN;NaN;NaN
460;469000.0;5759000.0;0;0;NaN;NaN;NaN;NaN;NaN;NaN;NaN;NaN
466;471000.0;5713000.0;0;0;NaN;NaN;NaN;NaN;NaN;NaN;NaN;NaN
467;471000.0;5715000.0;0;0;NaN;NaN;NaN;NaN;NaN;NaN;NaN;NaN
468;471000.0;5717000.0;0;0;NaN;NaN;NaN;NaN;NaN;NaN;NaN;NaN
469;471000.0;5719000.0;0;0;NaN;NaN;NaN;NaN;NaN;NaN;NaN;NaN
47;441000.0;5745000.0;0;0;NaN;NaN;NaN;NaN;NaN;NaN;NaN;NaN
470;471000.0;5721000.0;0;0;NaN;NaN;NaN;NaN;NaN;NaN;NaN;NaN
471;471000.0;5723000.0;0;0;NaN;NaN;NaN;NaN;NaN;NaN;NaN;NaN
473;471000.0;5727000.0;0;0;NaN;NaN;NaN;NaN;NaN;NaN;NaN;NaN
474;471000.0;5729000.0;0;0;NaN;NaN;NaN;NaN;NaN;NaN;NaN;NaN
475;471000.0;5731000.0;0;0;NaN;NaN;NaN;NaN;NaN;NaN;NaN;NaN
478;471000.0;5737000.0;0;0;NaN;NaN;NaN;NaN;NaN;NaN;NaN;NaN
48;441000.0;5747000.0;0;0;NaN;NaN;NaN;NaN;NaN;NaN;NaN;NaN
481;471000.0;5743000.0;0;0;NaN;NaN;NaN;NaN;NaN;NaN;NaN;NaN
482;471000.0;5745000.0;0;0;NaN;NaN;NaN;NaN;NaN;NaN;NaN;NaN
484;471000.0;5749000.0;0;0;NaN;NaN;NaN;NaN;NaN;NaN;NaN;NaN
485;471000.0;5751000.0;0;0;NaN;NaN;NaN;NaN;NaN;NaN;NaN;NaN
487;471000.0;5755000.0;0;0;NaN;NaN;NaN;NaN;NaN;NaN;NaN;NaN
488;471000.0;5757000.0;0;0;NaN;NaN;NaN;NaN;NaN;NaN;NaN;NaN
49;441000.0;5749000.0;0;0;NaN;NaN;NaN;NaN;NaN;NaN;NaN;NaN
490;471000.0;5761000.0;0;0;NaN;NaN;NaN;NaN;NaN;NaN;NaN;NaN
492;471000.0;5765000.0;0;0;NaN;NaN;NaN;NaN;NaN;NaN;NaN;NaN
493;471000.0;5767000.0;0;0;NaN;NaN;NaN;NaN;NaN;NaN;NaN;NaN
495;473000.0;5713000.0;0;0;NaN;NaN;NaN;NaN;NaN;NaN;NaN;NaN
496;473000.0;5715000.0;0;0;NaN;NaN;NaN;NaN;NaN;NaN;NaN;NaN
497;473000.0;5717000.0;0;0;NaN;NaN;NaN;NaN;NaN;NaN;NaN;NaN
498;473000.0;5719000.0;0;0;NaN;NaN;NaN;NaN;NaN;NaN;NaN;NaN
499;473000.0;5721000.0;0;0;NaN;NaN;NaN;NaN;NaN;NaN;NaN;NaN
5;439000.0;5719000.0;0;0;NaN;NaN;NaN;NaN;NaN;NaN;NaN;NaN
50;441000.0;5751000.0;0;0;NaN;NaN;NaN;NaN;NaN;NaN;NaN;NaN
500;473000.0;5723000.0;0;0;NaN;NaN;NaN;NaN;NaN;NaN;NaN;NaN
501;473000.0;5725000.0;0;0;NaN;NaN;NaN;NaN;NaN;NaN;NaN;NaN
502;473000.0;5727000.0;0;0;NaN;NaN;NaN;NaN;NaN;NaN;NaN;NaN
503;473000.0;5729000.0;0;0;NaN;NaN;NaN;NaN;NaN;NaN;NaN;NaN
504;473000.0;5731000.0;0;0;NaN;NaN;NaN;NaN;NaN;NaN;NaN;NaN
505;473000.0;5733000.0;0;0;NaN;NaN;NaN;NaN;NaN;NaN;NaN;NaN
506;473000.0;5735000.0;0;0;NaN;NaN;NaN;NaN;NaN;NaN;NaN;NaN
507;473000.0;5737000.0;0;0;NaN;NaN;NaN;NaN;NaN;NaN;NaN;NaN
508;473000.0;5739000.0;0;0;NaN;NaN;NaN;NaN;NaN;NaN;NaN;NaN
51;441000.0;5753000.0;0;0;NaN;NaN;NaN;NaN;NaN;NaN;NaN;NaN
510;473000.0;5743000.0;0;0;NaN;NaN;NaN;NaN;NaN;NaN;NaN;NaN
511;473000.0;5745000.0;0;0;NaN;NaN;NaN;NaN;NaN;NaN;NaN;NaN
516;473000.0;5755000.0;0;0;NaN;NaN;NaN;NaN;NaN;NaN;NaN;NaN
518;473000.0;5759000.0;0;0;NaN;NaN;NaN;NaN;NaN;NaN;NaN;NaN
519;473000.0;5761000.0;0;0;NaN;NaN;NaN;NaN;NaN;NaN;NaN;NaN
523;475000.0;5711000.0;0;0;NaN;NaN;NaN;NaN;NaN;NaN;NaN;NaN
524;475000.0;5713000.0;0;0;NaN;NaN;NaN;NaN;NaN;NaN;NaN;NaN
528;475000.0;5721000.0;0;0;NaN;NaN;NaN;NaN;NaN;NaN;NaN;NaN
53;441000.0;5757000.0;0;0;NaN;NaN;NaN;NaN;NaN;NaN;NaN;NaN
530;475000.0;5725000.0;0;0;NaN;NaN;NaN;NaN;NaN;NaN;NaN;NaN
531;475000.0;5727000.0;0;0;NaN;NaN;NaN;NaN;NaN;NaN;NaN;NaN
532;475000.0;5729000.0;0;0;NaN;NaN;NaN;NaN;NaN;NaN;NaN;NaN
533;475000.0;5731000.0;0;0;NaN;NaN;NaN;NaN;NaN;NaN;NaN;NaN
534;475000.0;5733000.0;0;0;NaN;NaN;NaN;NaN;NaN;NaN;NaN;NaN
535;475000.0;5735000.0;0;0;NaN;NaN;NaN;NaN;NaN;NaN;NaN;NaN
536;475000.0;5737000.0;0;0;NaN;NaN;NaN;NaN;NaN;NaN;NaN;NaN
541;475000.0;5747000.0;0;0;NaN;NaN;NaN;NaN;NaN;NaN;NaN;NaN
542;475000.0;5749000.0;0;0;NaN;NaN;NaN;NaN;NaN;NaN;NaN;NaN
543;475000.0;5751000.0;0;0;NaN;NaN;NaN;NaN;NaN;NaN;NaN;NaN
544;475000.0;5753000.0;0;0;NaN;NaN;NaN;NaN;NaN;NaN;NaN;NaN
545;475000.0;5755000.0;0;0;NaN;NaN;NaN;NaN;NaN;NaN;NaN;NaN
546;475000.0;5757000.0;0;0;NaN;NaN;NaN;NaN;NaN;NaN;NaN;NaN
547;475000.0;5759000.0;0;0;NaN;NaN;NaN;NaN;NaN;NaN;NaN;NaN
548;475000.0;5761000.0;0;0;NaN;NaN;NaN;NaN;NaN;NaN;NaN;NaN
549;475000.0;5763000.0;0;0;NaN;NaN;NaN;NaN;NaN;NaN;NaN;NaN
552;477000.0;5711000.0;0;0;NaN;NaN;NaN;NaN;NaN;NaN;NaN;NaN
553;477000.0;5713000.0;0;0;NaN;NaN;NaN;NaN;NaN;NaN;NaN;NaN
554;477000.0;5715000.0;0;0;NaN;NaN;NaN;NaN;NaN;NaN;NaN;NaN
557;477000.0;5721000.0;0;0;NaN;NaN;NaN;NaN;NaN;NaN;NaN;NaN
558;477000.0;5723000.0;0;0;NaN;NaN;NaN;NaN;NaN;NaN;NaN;NaN
562;477000.0;5731000.0;0;0;NaN;NaN;NaN;NaN;NaN;NaN;NaN;NaN
563;477000.0;5733000.0;0;0;NaN;NaN;NaN;NaN;NaN;NaN;NaN;NaN
564;477000.0;5735000.0;0;0;NaN;NaN;NaN;NaN;NaN;NaN;NaN;NaN
565;477000.0;5737000.0;0;0;NaN;NaN;NaN;NaN;NaN;NaN;NaN;NaN
570;477000.0;5747000.0;0;0;NaN;NaN;NaN;NaN;NaN;NaN;NaN;NaN
571;477000.0;5749000.0;0;0;NaN;NaN;NaN;NaN;NaN;NaN;NaN;NaN
572;477000.0;5751000.0;0;0;NaN;NaN;NaN;NaN;NaN;NaN;NaN;NaN
573;477000.0;5753000.0;0;0;NaN;NaN;NaN;NaN;NaN;NaN;NaN;NaN
574;477000.0;5755000.0;0;0;NaN;NaN;NaN;NaN;NaN;NaN;NaN;NaN
575;477000.0;5757000.0;0;0;NaN;NaN;NaN;NaN;NaN;NaN;NaN;NaN
576;477000.0;5759000.0;0;0;NaN;NaN;NaN;NaN;NaN;NaN;NaN;NaN
577;477000.0;5761000.0;0;0;NaN;NaN;NaN;NaN;NaN;NaN;NaN;NaN
578;477000.0;5763000.0;0;0;NaN;NaN;NaN;NaN;NaN;NaN;NaN;NaN
579;477000.0;5765000.0;0;0;NaN;NaN;NaN;NaN;NaN;NaN;NaN;NaN
583;479000.0;5715000.0;0;0;NaN;NaN;NaN;NaN;NaN;NaN;NaN;NaN
585;479000.0;5719000.0;0;0;NaN;NaN;NaN;NaN;NaN;NaN;NaN;NaN
588;479000.0;5725000.0;0;0;NaN;NaN;NaN;NaN;NaN;NaN;NaN;NaN
59;443000.0;5711000.0;0;0;NaN;NaN;NaN;NaN;NaN;NaN;NaN;NaN
590;479000.0;5729000.0;0;0;NaN;NaN;NaN;NaN;NaN;NaN;NaN;NaN
6;439000.0;5721000.0;0;0;NaN;NaN;NaN;NaN;NaN;NaN;NaN;NaN
60;443000.0;5713000.0;0;0;NaN;NaN;NaN;NaN;NaN;NaN;NaN;NaN
601;479000.0;5751000.0;0;0;NaN;NaN;NaN;NaN;NaN;NaN;NaN;NaN
602;479000.0;5753000.0;0;0;NaN;NaN;NaN;NaN;NaN;NaN;NaN;NaN
603;479000.0;5755000.0;0;0;NaN;NaN;NaN;NaN;NaN;NaN;NaN;NaN
604;479000.0;5757000.0;0;0;NaN;NaN;NaN;NaN;NaN;NaN;NaN;NaN
605;479000.0;5759000.0;0;0;NaN;NaN;NaN;NaN;NaN;NaN;NaN;NaN
606;479000.0;5761000.0;0;0;NaN;NaN;NaN;NaN;NaN;NaN;NaN;NaN
607;479000.0;5763000.0;0;0;NaN;NaN;NaN;NaN;NaN;NaN;NaN;NaN
61;443000.0;5715000.0;0;0;NaN;NaN;NaN;NaN;NaN;NaN;NaN;NaN
612;481000.0;5715000.0;0;0;NaN;NaN;NaN;NaN;NaN;NaN;NaN;NaN
613;481000.0;5717000.0;0;0;NaN;NaN;NaN;NaN;NaN;NaN;NaN;NaN
616;481000.0;5723000.0;0;0;NaN;NaN;NaN;NaN;NaN;NaN;NaN;NaN
617;481000.0;5725000.0;0;0;NaN;NaN;NaN;NaN;NaN;NaN;NaN;NaN
618;481000.0;5727000.0;0;0;NaN;NaN;NaN;NaN;NaN;NaN;NaN;NaN
619;481000.0;5729000.0;0;0;NaN;NaN;NaN;NaN;NaN;NaN;NaN;NaN
62;443000.0;5717000.0;0;0;NaN;NaN;NaN;NaN;NaN;NaN;NaN;NaN
63;443000.0;5719000.0;0;0;NaN;NaN;NaN;NaN;NaN;NaN;NaN;NaN
630;481000.0;5751000.0;0;0;NaN;NaN;NaN;NaN;NaN;NaN;NaN;NaN
631;481000.0;5753000.0;0;0;NaN;NaN;NaN;NaN;NaN;NaN;NaN;NaN
632;481000.0;5755000.0;0;0;NaN;NaN;NaN;NaN;NaN;NaN;NaN;NaN
636;481000.0;5763000.0;0;0;NaN;NaN;NaN;NaN;NaN;NaN;NaN;NaN
637;481000.0;5765000.0;0;0;NaN;NaN;NaN;NaN;NaN;NaN;NaN;NaN
64;443000.0;5721000.0;0;0;NaN;NaN;NaN;NaN;NaN;NaN;NaN;NaN
642;483000.0;5717000.0;0;0;NaN;NaN;NaN;NaN;NaN;NaN;NaN;NaN
643;483000.0;5719000.0;0;0;NaN;NaN;NaN;NaN;NaN;NaN;NaN;NaN
644;483000.0;5721000.0;0;0;NaN;NaN;NaN;NaN;NaN;NaN;NaN;NaN
646;483000.0;5725000.0;0;0;NaN;NaN;NaN;NaN;NaN;NaN;NaN;NaN
65;443000.0;5723000.0;0;0;NaN;NaN;NaN;NaN;NaN;NaN;NaN;NaN
66;443000.0;5725000.0;0;0;NaN;NaN;NaN;NaN;NaN;NaN;NaN;NaN
71;443000.0;5735000.0;1;377;377.0;377.0;377.0;377.0;377.0;377.0;377.0;377.0
72;443000.0;5737000.0;0;0;NaN;NaN;NaN;NaN;NaN;NaN;NaN;NaN
73;443000.0;5739000.0;0;0;NaN;NaN;NaN;NaN;NaN;NaN;NaN;NaN
74;443000.0;5741000.0;0;0;NaN;NaN;NaN;NaN;NaN;NaN;NaN;NaN
75;443000.0;5743000.0;0;0;NaN;NaN;NaN;NaN;NaN;NaN;NaN;NaN
76;443000.0;5745000.0;0;0;NaN;NaN;NaN;NaN;NaN;NaN;NaN;NaN
77;443000.0;5747000.0;0;0;NaN;NaN;NaN;NaN;NaN;NaN;NaN;NaN
78;443000.0;5749000.0;0;0;NaN;NaN;NaN;NaN;NaN;NaN;NaN;NaN
79;443000.0;5751000.0;0;0;NaN;NaN;NaN;NaN;NaN;NaN;NaN;NaN
8;439000.0;5725000.0;0;0;NaN;NaN;NaN;NaN;NaN;NaN;NaN;NaN
80;443000.0;5753000.0;0;0;NaN;NaN;NaN;NaN;NaN;NaN;NaN;NaN
81;443000.0;5755000.0;0;0;NaN;NaN;NaN;NaN;NaN;NaN;NaN;NaN
85;443000.0;5763000.0;0;0;NaN;NaN;NaN;NaN;NaN;NaN;NaN;NaN
86;443000.0;5765000.0;0;0;NaN;NaN;NaN;NaN;NaN;NaN;NaN;NaN
88;445000.0;5711000.0;0;0;NaN;NaN;NaN;NaN;NaN;NaN;NaN;NaN
92;445000.0;5719000.0;0;0;NaN;NaN;NaN;NaN;NaN;NaN;NaN;NaN
93;445000.0;5721000.0;0;0;NaN;NaN;NaN;NaN;NaN;NaN;NaN;NaN
94;445000.0;5723000.0;0;0;NaN;NaN;NaN;NaN;NaN;NaN;NaN;NaN
95;445000.0;5725000.0;0;0;NaN;NaN;NaN;NaN;NaN;NaN;NaN;NaN
96;445000.0;5727000.0;0;0;NaN;NaN;NaN;NaN;NaN;NaN;NaN;NaN
99;445000.0;5733000.0;0;0;NaN;NaN;NaN;NaN;NaN;NaN;NaN;NaN
outsideOfDrtZonalSystem;NaN;NaN;0;0;NaN;NaN;NaN;NaN;NaN;NaN;NaN;NaN